{
    "name": "noNodeToNodeEncryptionDomain",
    "file": "noNodeToNodeEncryptionDomain.rego",
    "policy_type": "aws",
    "resource_type": "aws_elasticsearch_domain",
    "template_args": {
        "prefix": ""
    },
    "severity": "MEDIUM",
    "description": "Ensure Elasticsearch domains being created are set to be encrypted node-to-node",
    "reference_id": "AWS.ElasticSearch.IS.MEDIUM.0045",
    "category": "Infrastructure Security",
    "id": "AC_AWS_0468",
    "version": 2
}