{
	"name": "networkPort3389ExposedToInternetAz",
	"file": "networkPortExposedToInternetAz.rego",
	"policy_type": "azure",
	"resource_type": "azurerm_network_security_rule",
	"template_args": {
		"defaultValue": "<cidr>",
		"name": "networkPort3389ExposedToInternetAz",
		"portNumber": 3389,
		"prefix": "",
		"protocol": "Tcp",
		"suffix": ""
	},
	"severity": "HIGH",
	"description": "Ensure that RDP access is restricted from the internet for Azure Network Security Rule",
	"reference_id": "AC_AZURE_0342",
	"id": "AC_AZURE_0342",
	"category": "Infrastructure Security",
	"version": 2
}