{
	"name": "networkPort1434ExposedToPrivateUAz",
	"file": "networkPortExposedToPrivateAz.rego",
	"policy_type": "azure",
	"resource_type": "azurerm_network_security_rule",
	"template_args": {
		"defaultValue": "<cidr>",
		"name": "networkPort1434ExposedToPrivateUAz",
		"portNumber": 1434,
		"prefix": "",
		"protocol": "Udp",
		"suffix": ""
	},
	"severity": "LOW",
	"description": "Ensure MSSQL Browser (Udp:1434) is not exposed to private hosts more than 32 for Azure Network Security Rule",
	"reference_id": "AC_AZURE_0515",
	"id": "AC_AZURE_0515",
	"category": "Infrastructure Security",
	"version": 2
}