{
	"name": "networkPort5432ExposedToPublicUAz",
	"file": "networkPortExposedToPublicAz.rego",
	"policy_type": "azure",
	"resource_type": "azurerm_network_security_rule",
	"template_args": {
		"defaultValue": "<cidr>",
		"name": "networkPort5432ExposedToPublicUAz",
		"portNumber": 5432,
		"prefix": "",
		"protocol": "Udp",
		"suffix": ""
	},
	"severity": "MEDIUM",
	"description": "Ensure PostgreSQL (Udp:5432) is not exposed to public for Azure Network Security Rule",
	"reference_id": "AC_AZURE_0456",
	"id": "AC_AZURE_0456",
	"category": "Infrastructure Security",
	"version": 2
}