{
	"name": "networkPort4506ExposedToPrivateAz",
	"file": "networkPortExposedToPrivateAz.rego",
	"policy_type": "azure",
	"resource_type": "azurerm_network_security_rule",
	"template_args": {
		"defaultValue": "<cidr>",
		"name": "networkPort4506ExposedToPrivateAz",
		"portNumber": 4506,
		"prefix": "",
		"protocol": "Tcp",
		"suffix": ""
	},
	"severity": "LOW",
	"description": "Ensure SaltStack Master (Tcp:4506) is not exposed to private hosts more than 32 for Azure Network Security Rule",
	"reference_id": "AC_AZURE_0431",
	"id": "AC_AZURE_0431",
	"category": "Infrastructure Security",
	"version": 2
}