{
	"name": "networkPort137ExposedToInternetUAz",
	"file": "networkPortExposedToInternetAz.rego",
	"policy_type": "azure",
	"resource_type": "azurerm_network_security_rule",
	"template_args": {
		"defaultValue": "<cidr>",
		"name": "networkPort137ExposedToInternetUAz",
		"portNumber": 137,
		"prefix": "",
		"protocol": "Udp",
		"suffix": ""
	},
	"severity": "HIGH",
	"description": "Ensure NetBIOS Name Service (Udp:137) is not exposed to entire internet for Azure Network Security Rule",
	"reference_id": "AC_AZURE_0484",
	"id": "AC_AZURE_0484",
	"category": "Infrastructure Security",
	"version": 2
}