{
    "name": "containerDefinitionContainsPASSWORD",
    "file": "containerDefinitionContainsSensitiveInfo.rego",
    "policy_type": "aws",
    "resource_type": "aws_ecs_task_definition",
    "template_args": {
        "keyword": "PASSWORD",
        "name": "containerDefinitionContainsPASSWORD",
        "prefix": ""
    },
    "severity": "HIGH",
    "description": "Sensitive Information Disclosure",
    "reference_id": "AWS.LaunchConfiguration.DataSecurity.High.0101",
    "category": "Data Protection",
    "version": 1,
    "id": "AC_AWS_0095"
}