{
    "name": "logRetentionPsql",
    "file": "logRetentionPsql.rego",
    "policy_type": "azure",
    "resource_type": "azurerm_postgresql_configuration",
    "template_args": {
        "prefix": "reme_"
    },
    "severity": "MEDIUM",
    "description": "Ensure server parameter 'log_retention_days' is greater than 3 days for PostgreSQL Database Server",
    "reference_id": "accurics.azure.LOG.155",
    "category": "Logging and Monitoring",
    "version": 2,
    "id": "AC_AZURE_0410"
}