{
    "name": "reme_logDisconnections",
    "file": "logDisconnections.rego",
    "policy_type": "azure",
    "resource_type": "azurerm_postgresql_configuration",
    "template_args": {
        "prefix": "reme_"
    },
    "severity": "MEDIUM",
    "description": "Ensure server parameter 'log_disconnections' is set to 'ON' for PostgreSQL Database Server",
    "reference_id": "accurics.azure.LOG.153",
    "category": "Logging and Monitoring",
    "version": 2,
    "id": "AC_AZURE_0412"
}