{
    "name": "overlyPermissiveInstance",
    "file": "overlyPermissiveInstance.rego",
    "policy_type": "aws",
    "resource_type": "aws_instance",
    "template_args": {
        "prefix": ""
    },
    "severity": "HIGH",
    "description": "Ensure that instance launched follows the least privilege principle as this can be related to delivery-exploitation-Installation phases of kill  chain",
    "reference_id": "AC-AW-IA-LC-H-0442",
    "category": "Identity and Access Management",
    "id": "AC_AWS_0477",
    "version": 1
}