{
    "name": "instanceWithNoVpc",
    "file": "instanceWithNoVpc.rego",
    "policy_type": "aws",
    "resource_type": "aws_instance",
    "template_args": {
        "prefix": ""
    },
    "severity": "MEDIUM",
    "description": "Ensure that your AWS application is not deployed within the default Virtual Private Cloud in order to follow security best practices",
    "reference_id": "AC-AW-IS-IN-M-0144",
    "category": "Infrastructure Security",
    "version": 2,
    "id": "AC_AWS_0153"
}