{
    "name": "instanceExposedToInternet",
    "file": "instanceExposedToInternet.rego",
    "policy_type": "aws",
    "resource_type": "aws_instance",
    "template_args": {
        "prefix": ""
    },
    "severity": "HIGH",
    "description": "Security group attached to launch configuration is wide open to internet and this can be related to reconnaissance phase",
    "reference_id": "AC-AW-IS-LC-H-0443",
    "category": "Infrastructure Security",
    "id": "AC_AWS_0478",
    "version": 1
}