{
    "name": "apiGatewayRestApiPolicyNotSecure",
    "file": "apiGatewayRestApiPolicyNotSecure.rego",
    "policy_type": "aws",
    "resource_type": "aws_api_gateway_rest_api_policy",
    "template_args": {
        "prefix": ""
    },
    "severity": "HIGH",
    "description": "Ensure use of API Gateway endpoint policy, and no action wildcards are being used.",
    "reference_id": "AWS.APGRAP.IAM.HIGH.0064",
    "category": "Identity and Access Management",
    "id": "AC_AWS_0440",
    "version": 1
}