{
    "name": "ebsDefaultEncryption",
    "file": "ebsDefaultEncryption.rego",
    "policy_type": "aws",
    "resource_type": "aws_ebs_encryption_by_default",
    "template_args": {
        "prefix": ""
    },
    "severity": "HIGH",
    "description": "Ensure that the AWS EBS that hold sensitive and critical data is encrypted by default to fulfill compliance requirements for data-at-rest encryption.",
    "reference_id": "AWS.EBS.DataSecurity.High.0580",
    "category": "Data Protection",
    "version": 2,
    "id": "AC_AWS_0079"
}