{
    "name": "workspaceUserEncryptionCheck",
    "file": "workspaceEncryptionCheck.rego",
    "policy_type": "aws",
    "resource_type": "aws_workspaces_workspace",
    "template_args": {
        "attribute_name": "user_volume_encryption_enabled",
        "name": "workspaceUserEncryptionCheck",
        "prefix": ""
    },
    "severity": "MEDIUM",
    "description": "Ensure user volume for Workspaces is Encrypted",
    "reference_id": "AWS.AWW.DP.MEDIUM.041",
    "category": "Data Protection",
    "id": "AC_AWS_0504",
    "version": 2
}