{
    "name": "securityGroupWideOpentoInternetLaunchConfig",
    "file": "securityGroupWideOpentoInternetLaunchConfig.rego",
    "policy_type": "aws",
    "resource_type": "aws_launch_configuration",
    "template_args": {
        "prefix": ""
    },
    "severity": "HIGH",
    "description": "Security group attached to launch configuration is wide open to internet ",
    "reference_id": "AC-AW-IS-LC-H-0438",
    "category": "Infrastructure Security",
    "id": "AC_AWS_0489",
    "version": 1
}