{
    "name": "launchConfigurationEBSBlockUnEncrypted",
    "file": "launchConfigurationEBSBlockUnEncrypted.rego",
    "policy_type": "aws",
    "resource_type": "aws_launch_configuration",
    "template_args": {
        "prefix": ""
    },
    "severity": "HIGH",
    "description": "Ensure that AWS ECS clusters are encrypted. Data encryption at rest, prevents unauthorized users from accessing sensitive data on your AWS ECS clusters and associated cache storage systems.",
    "reference_id": "AWS.EcsCluster.EncryptionandKeyManagement.High.0413",
    "category": "Data Protection",
    "version": 2,
    "id": "AC_AWS_0167"
}