{
    "name": "reme_redisCacheNoUpdatePatchSchedule",
    "file": "redisCacheNoUpdatePatchSchedule.rego",
    "policy_type": "azure",
    "resource_type": "azurerm_redis_cache",
    "template_args": {
        "prefix": "reme_"
    },
    "severity": "HIGH",
    "description": "Ensure that Redis is updated regularly with security and operational updates.\n\nNote this feature is only available to Premium tier Redis Caches.",
    "reference_id": "accurics.azure.NS.13",
    "category": "Security Best Practices",
    "version": 2,
    "id": "AC_AZURE_0393"
}