{
    "name": "reme_entirelyAccessible",
    "file": "publiclyAccessible.rego",
    "policy_type": "azure",
    "resource_type": "azurerm_redis_cache",
    "template_args": {
        "isEntire": true,
        "name": "entirelyAccessible",
        "prefix": "reme_"
    },
    "severity": "HIGH",
    "description": "Ensure there are no firewall rules allowing unrestricted access to Redis from the Internet",
    "reference_id": "accurics.azure.NS.30",
    "category": "Infrastructure Security",
    "version": 2,
    "id": "AC_AZURE_0392"
}