{
	"name": "port9300AlbNetworkPortSecurityPublicScope",
	"file": "portsAlbNetworkPortSecurityPublicScope.rego",
	"policy_type": "aws",
	"resource_type": "aws_security_group",
	"template_args": {
		"defaultValue": "<cidr>",
		"name": "port9300AlbNetworkPortSecurityPublicScope",
		"portNumber": 9300,
		"prefix": "",
		"protocol": "tcp",
		"suffix": ""
	},
	"severity": "HIGH",
	"description": "Ensure Elasticsearch (TCP,9300) is not accessible by a public CIDR block range",
	"reference_id": "AC_AWS_0318",
	"id": "AC_AWS_0318",
	"category": "Infrastructure Security",
	"version": 2
}