{
	"name": "port27017AlbNetworkPortSecurity",
	"file": "portOpenToInternet.rego",
	"policy_type": "aws",
	"resource_type": "aws_security_group",
	"template_args": {
		"defaultValue": "<cidr>",
		"name": "port27017AlbNetworkPortSecurity",
		"portNumber": 27017,
		"prefix": "",
		"protocol": "tcp",
		"suffix": ""
	},
	"severity": "HIGH",
	"description": "Security Groups - Unrestricted Specific Ports - MongoDB (TCP,27017)",
	"reference_id": "AC_AWS_0274",
	"id": "AC_AWS_0274",
	"category": "Infrastructure Security",
	"version": 2
}