{
	"name": "port3020AlbNetworkPortSecurity",
	"file": "portOpenToInternet.rego",
	"policy_type": "aws",
	"resource_type": "aws_security_group",
	"template_args": {
		"defaultValue": "<cidr>",
		"name": "port3020AlbNetworkPortSecurity",
		"portNumber": 3020,
		"prefix": "",
		"protocol": "tcp",
		"suffix": ""
	},
	"severity": "HIGH",
	"description": "Security Groups - Unrestricted Specific Ports - CIFS / SMB (TCP,3020)",
	"reference_id": "AC_AWS_0237",
	"id": "AC_AWS_0237",
	"category": "Infrastructure Security",
	"version": 2
}