{
	"name": "port2484AlbNetworkPortSecurity",
	"file": "portOpenToInternet.rego",
	"policy_type": "aws",
	"resource_type": "aws_security_group",
	"template_args": {
		"defaultValue": "<cidr>",
		"name": "port2484AlbNetworkPortSecurity",
		"portNumber": 2484,
		"prefix": "",
		"protocol": "tcp",
		"suffix": ""
	},
	"severity": "HIGH",
	"description": "Security Groups - Unrestricted Specific Ports - Oracle DB SSL (TCP,2484)",
	"reference_id": "AC_AWS_0260",
	"id": "AC_AWS_0260",
	"category": "Infrastructure Security",
	"version": 2
}