{
	"name": "networkPort2382ExposedToprivate",
	"file": "networkPortExposedToPrivate.rego",
	"policy_type": "aws",
	"resource_type": "aws_security_group",
	"template_args": {
		"defaultValue": "<cidr>",
		"name": "networkPort2382ExposedToprivate",
		"portNumber": 2382,
		"prefix": "",
		"protocol": "tcp",
		"suffix": ""
	},
	"severity": "LOW",
	"description": "Ensure SQLServerAnalysisServicebrowser' (TCP,2382) is not exposed to private hosts more than 32",
	"reference_id": "AC_AWS_0356",
	"id": "AC_AWS_0356",
	"category": "Infrastructure Security",
	"version": 2
}