{
	"name": "port8000AlbNetworkPortSecurity",
	"file": "portOpenToInternet.rego",
	"policy_type": "aws",
	"resource_type": "aws_security_group",
	"template_args": {
		"defaultValue": "<cidr>",
		"name": "port8000AlbNetworkPortSecurity",
		"portNumber": 8000,
		"prefix": "",
		"protocol": "tcp",
		"suffix": ""
	},
	"severity": "HIGH",
	"description": "Security Groups - Unrestricted Specific Ports - Known internal web port (TCP,8000)",
	"reference_id": "AC_AWS_0241",
	"id": "AC_AWS_0241",
	"category": "Infrastructure Security",
	"version": 2
}