{
	"name": "networkPort11214ExposedToprivateU",
	"file": "networkPortExposedToPrivate.rego",
	"policy_type": "aws",
	"resource_type": "aws_security_group",
	"template_args": {
		"defaultValue": "<cidr>",
		"name": "networkPort11214ExposedToprivateU",
		"portNumber": 11214,
		"prefix": "",
		"protocol": "udp",
		"suffix": ""
	},
	"severity": "LOW",
	"description": "Ensure Security Groups Unrestricted Specific Ports MemcachedSSL (UDP,11214) is not exposed to  private hosts more than 32",
	"reference_id": "AC_AWS_0334",
	"id": "AC_AWS_0334",
	"category": "Infrastructure Security",
	"version": 2
}