{
	"name": "port139AlbNetworkPortSecurity",
	"file": "portOpenToInternet.rego",
	"policy_type": "aws",
	"resource_type": "aws_security_group",
	"template_args": {
		"defaultValue": "<cidr>",
		"name": "port139AlbNetworkPortSecurity",
		"portNumber": 139,
		"prefix": "",
		"protocol": "tcp",
		"suffix": ""
	},
	"severity": "HIGH",
	"description": "Security Groups - Unrestricted Specific Ports - NetBIOS Session Service (TCP,139)",
	"reference_id": "AC_AWS_0258",
	"id": "AC_AWS_0258",
	"category": "Infrastructure Security",
	"version": 2
}