{
	"name": "port2484AlbNetworkPortSecurityPublicScope",
	"file": "portsAlbNetworkPortSecurityPublicScope.rego",
	"policy_type": "aws",
	"resource_type": "aws_security_group",
	"template_args": {
		"defaultValue": "<cidr>",
		"name": "port2484AlbNetworkPortSecurityPublicScope",
		"portNumber": 2484,
		"prefix": "",
		"protocol": "tcp",
		"suffix": ""
	},
	"severity": "MEDIUM",
	"description": "Ensure Oracle DB SSL (TCP,2484) is not accessible by a public CIDR block range",
	"reference_id": "AC_AWS_0302",
	"id": "AC_AWS_0302",
	"category": "Infrastructure Security",
	"version": 2
}