{
	"name": "networkPort9200ExposedToprivate",
	"file": "networkPortExposedToPrivate.rego",
	"policy_type": "aws",
	"resource_type": "aws_security_group",
	"template_args": {
		"defaultValue": "<cidr>",
		"name": "networkPort9200ExposedToprivate",
		"portNumber": 9200,
		"prefix": "",
		"protocol": "tcp",
		"suffix": ""
	},
	"severity": "LOW",
	"description": "Ensure Security Groups Unrestricted Specific Ports Elasticsearch (TCP,9200) is not exposed to  private hosts more than 32",
	"reference_id": "AC_AWS_0324",
	"id": "AC_AWS_0324",
	"category": "Infrastructure Security",
	"version": 2
}