{
	"name": "networkPort3306ExposedToprivate",
	"file": "networkPortExposedToPrivate.rego",
	"policy_type": "aws",
	"resource_type": "aws_security_group",
	"template_args": {
		"defaultValue": "<cidr>",
		"name": "networkPort3306ExposedToprivate",
		"portNumber": 3306,
		"prefix": "",
		"protocol": "tcp",
		"suffix": ""
	},
	"severity": "LOW",
	"description": "Ensure Security Groups Unrestricted Specific Ports MySQL (TCP,3306) is not exposed to private hosts more than 32",
	"reference_id": "AC_AWS_0336",
	"id": "AC_AWS_0336",
	"category": "Infrastructure Security",
	"version": 2
}