{
	"name": "port8080AlbNetworkPortSecurityPublicScope",
	"file": "portsAlbNetworkPortSecurityPublicScope.rego",
	"policy_type": "aws",
	"resource_type": "aws_security_group",
	"template_args": {
		"defaultValue": "<cidr>",
		"name": "port8080AlbNetworkPortSecurityPublicScope",
		"portNumber": 8080,
		"prefix": "",
		"protocol": "tcp",
		"suffix": ""
	},
	"severity": "MEDIUM",
	"description": "Ensure Known internal web port (TCP,8080) is not accessible by a CIDR block range",
	"reference_id": "AC_AWS_0284",
	"id": "AC_AWS_0284",
	"category": "Infrastructure Security",
	"version": 2
}