{
	"name": "port8080AlbNetworkPortSecurity",
	"file": "portOpenToInternet.rego",
	"policy_type": "aws",
	"resource_type": "aws_security_group",
	"template_args": {
		"defaultValue": "<cidr>",
		"name": "port8080AlbNetworkPortSecurity",
		"portNumber": 8080,
		"prefix": "",
		"protocol": "tcp",
		"suffix": ""
	},
	"severity": "HIGH",
	"description": "Security Groups - Unrestricted Specific Ports - Known internal web port (TCP,8080)",
	"reference_id": "AC_AWS_0242",
	"id": "AC_AWS_0242",
	"category": "Infrastructure Security",
	"version": 2
}