{
	"name": "networkPort9300ExposedToprivate",
	"file": "networkPortExposedToPrivate.rego",
	"policy_type": "aws",
	"resource_type": "aws_security_group",
	"template_args": {
		"defaultValue": "<cidr>",
		"name": "networkPort9300ExposedToprivate",
		"portNumber": 9300,
		"prefix": "",
		"protocol": "tcp",
		"suffix": ""
	},
	"severity": "LOW",
	"description": "Ensure Elasticsearch' (TCP,9300) is not exposed to private hosts more than 32",
	"reference_id": "AC_AWS_0363",
	"id": "AC_AWS_0363",
	"category": "Infrastructure Security",
	"version": 2
}