{
	"name": "port2382AlbNetworkPortSecurityPublicScope",
	"file": "portsAlbNetworkPortSecurityPublicScope.rego",
	"policy_type": "aws",
	"resource_type": "aws_security_group",
	"template_args": {
		"defaultValue": "<cidr>",
		"name": "port2382AlbNetworkPortSecurityPublicScope",
		"portNumber": 2382,
		"prefix": "",
		"protocol": "tcp",
		"suffix": ""
	},
	"severity": "MEDIUM",
	"description": "Ensure SQL Server Analysis Service browser (TCP,2382) is not accessible by a public CIDR block range",
	"reference_id": "AC_AWS_0309",
	"id": "AC_AWS_0309",
	"category": "Infrastructure Security",
	"version": 2
}