{
	"name": "port137UdpAlbNetworkPortSecurityPublicScope",
	"file": "portsAlbNetworkPortSecurityPublicScope.rego",
	"policy_type": "aws",
	"resource_type": "aws_security_group",
	"template_args": {
		"defaultValue": "<cidr>",
		"name": "port137UdpAlbNetworkPortSecurityPublicScope",
		"portNumber": 137,
		"prefix": "",
		"protocol": "udp",
		"suffix": ""
	},
	"severity": "MEDIUM",
	"description": "Ensure NetBIOS Name Service (UDP,137) is not accessible by a public CIDR block range",
	"reference_id": "AC_AWS_0297",
	"id": "AC_AWS_0297",
	"category": "Infrastructure Security",
	"version": 2
}