{
	"name": "networkPort443ExposedToprivate",
	"file": "networkPortExposedToPrivate.rego",
	"policy_type": "aws",
	"resource_type": "aws_security_group",
	"template_args": {
		"defaultValue": "<cidr>",
		"name": "networkPort443ExposedToprivate",
		"portNumber": 443,
		"prefix": "",
		"protocol": "tcp",
		"suffix": ""
	},
	"severity": "LOW",
	"description": "Ensure Security Groups Unrestricted Specific Ports https (TCP,443) is not exposed to private hosts more than 32",
	"reference_id": "AC_AWS_0322",
	"id": "AC_AWS_0322",
	"category": "Infrastructure Security",
	"version": 2
}