{
	"name": "unknownPortOpenToInternet",
	"file": "unknownPortOpenToInternet.rego",
	"policy_type": "aws",
	"resource_type": "aws_security_group",
	"template_args": {
		"defaultValue": "<cidr>",
		"known_ports": [
			"0",
			"22",
			"23",
			"25",
			"80",
			"443",
			"445",
			"3389",
			"4505",
			"4506",
			"3020",
			"61621",
			"7001",
			"9000",
			"8000",
			"8080",
			"636",
			"1434",
			"135",
			"1433",
			"11214",
			"11215",
			"27017",
			"27018",
			"3306",
			"137",
			"138",
			"139",
			"2484",
			"5432",
			"3000",
			"8140",
			"161",
			"2382",
			"2383",
			"9300",
			"9200"
		],
		"name": "unknownPortOpenToInternet",
		"prefix": "",
		"suffix": ""
	},
	"severity": "HIGH",
	"description": "Ensure Unknown Port is not exposed to the entire internet",
	"reference_id": "AC_AWS_0276",
	"id": "AC_AWS_0276",
	"category": "Infrastructure Security",
	"version": 2
}