{
	"name": "port2383AlbNetworkPortSecurityPublicScope",
	"file": "portsAlbNetworkPortSecurityPublicScope.rego",
	"policy_type": "aws",
	"resource_type": "aws_security_group",
	"template_args": {
		"defaultValue": "<cidr>",
		"name": "port2383AlbNetworkPortSecurityPublicScope",
		"portNumber": 2383,
		"prefix": "",
		"protocol": "tcp",
		"suffix": ""
	},
	"severity": "MEDIUM",
	"description": "Ensure SQL Server Analysis Services (TCP,2383) is not accessible by a public CIDR block range",
	"reference_id": "AC_AWS_0310",
	"id": "AC_AWS_0310",
	"category": "Infrastructure Security",
	"version": 2
}