{
	"name": "port1521AlbNetworkPortSecurityPublicScope",
	"file": "portsAlbNetworkPortSecurityPublicScope.rego",
	"policy_type": "aws",
	"resource_type": "aws_security_group",
	"template_args": {
		"defaultValue": "<cidr>",
		"name": "port1521AlbNetworkPortSecurityPublicScope",
		"portNumber": 1521,
		"prefix": "",
		"protocol": "tcp",
		"suffix": ""
	},
	"severity": "HIGH",
	"description": "Ensure Oracle Database Server (TCP,1521) is not accessible by a public CIDR block range",
	"reference_id": "AC_AWS_0312",
	"id": "AC_AWS_0312",
	"category": "Infrastructure Security",
	"version": 2
}