{
	"name": "port1433AlbNetworkPortSecurityPublicScope",
	"file": "portsAlbNetworkPortSecurityPublicScope.rego",
	"policy_type": "aws",
	"resource_type": "aws_security_group",
	"template_args": {
		"defaultValue": "<cidr>",
		"name": "port1433AlbNetworkPortSecurityPublicScope",
		"portNumber": 1433,
		"prefix": "",
		"protocol": "tcp",
		"suffix": ""
	},
	"severity": "MEDIUM",
	"description": "Ensure MSSQL Server (TCP,1433) is not accessible by a public CIDR block range",
	"reference_id": "AC_AWS_0289",
	"id": "AC_AWS_0289",
	"category": "Infrastructure Security",
	"version": 2
}