{
	"name": "networkPort27018ExposedToprivate",
	"file": "networkPortExposedToPrivate.rego",
	"policy_type": "aws",
	"resource_type": "aws_security_group",
	"template_args": {
		"defaultValue": "<cidr>",
		"name": "networkPort27018ExposedToprivate",
		"portNumber": 27018,
		"prefix": "",
		"protocol": "tcp",
		"suffix": ""
	},
	"severity": "LOW",
	"description": "Ensure MongoWebPortal' (TCP,27018) is not exposed to private hosts more than 32",
	"reference_id": "AC_AWS_0342",
	"id": "AC_AWS_0342",
	"category": "Infrastructure Security",
	"version": 2
}