{
	"name": "port1434AlbNetworkPortSecurityPublicScope",
	"file": "portsAlbNetworkPortSecurityPublicScope.rego",
	"policy_type": "aws",
	"resource_type": "aws_security_group",
	"template_args": {
		"defaultValue": "<cidr>",
		"name": "port1434AlbNetworkPortSecurityPublicScope",
		"portNumber": 1434,
		"prefix": "",
		"protocol": "tcp",
		"suffix": ""
	},
	"severity": "MEDIUM",
	"description": "Ensure MSSQL Admin (TCP,1434) is not accessible by a public CIDR block range",
	"reference_id": "AC_AWS_0286",
	"id": "AC_AWS_0286",
	"category": "Infrastructure Security",
	"version": 2
}