{
	"name": "networkPort8000ExposedToprivate",
	"file": "networkPortExposedToPrivate.rego",
	"policy_type": "aws",
	"resource_type": "aws_security_group",
	"template_args": {
		"defaultValue": "<cidr>",
		"name": "networkPort8000ExposedToprivate",
		"portNumber": 8000,
		"prefix": "",
		"protocol": "tcp",
		"suffix": ""
	},
	"severity": "LOW",
	"description": "Ensure Knowninternalwebport' (TCP,8000) not exposed to private hosts more than 32",
	"reference_id": "AC_AWS_0340",
	"id": "AC_AWS_0340",
	"category": "Infrastructure Security",
	"version": 2
}