{
	"name": "port139UdpAlbNetworkPortSecurityPublicScope",
	"file": "portsAlbNetworkPortSecurityPublicScope.rego",
	"policy_type": "aws",
	"resource_type": "aws_security_group",
	"template_args": {
		"defaultValue": "<cidr>",
		"name": "port139UdpAlbNetworkPortSecurityPublicScope",
		"portNumber": 139,
		"prefix": "",
		"protocol": "udp",
		"suffix": ""
	},
	"severity": "MEDIUM",
	"description": "Ensure NetBios Session Service (UDP,139) is not accessible by a CIDR block range",
	"reference_id": "AC_AWS_0301",
	"id": "AC_AWS_0301",
	"category": "Infrastructure Security",
	"version": 2
}