{
	"name": "networkPort25ExposedToprivate",
	"file": "networkPortExposedToPrivate.rego",
	"policy_type": "aws",
	"resource_type": "aws_security_group",
	"template_args": {
		"defaultValue": "<cidr>",
		"name": "networkPort25ExposedToprivate",
		"portNumber": 25,
		"prefix": "",
		"protocol": "tcp",
		"suffix": ""
	},
	"severity": "LOW",
	"description": "Ensure SMTP' (TCP,25) is not exposed to private hosts more than 32",
	"reference_id": "AC_AWS_0360",
	"id": "AC_AWS_0360",
	"category": "Infrastructure Security",
	"version": 2
}