{
	"name": "port1434UdpAlbNetworkPortSecurity",
	"file": "portOpenToInternet.rego",
	"policy_type": "aws",
	"resource_type": "aws_security_group",
	"template_args": {
		"defaultValue": "<cidr>",
		"name": "port1434UdpAlbNetworkPortSecurity",
		"portNumber": 1434,
		"prefix": "",
		"protocol": "udp",
		"suffix": ""
	},
	"severity": "HIGH",
	"description": "Security Groups - Unrestricted Specific Ports - MSSQL Browser Service (UDP,1434)",
	"reference_id": "AC_AWS_0245",
	"id": "AC_AWS_0245",
	"category": "Infrastructure Security",
	"version": 2
}