{
	"name": "port11214UdpAlbNetworkPortSecurityPublicScope",
	"file": "portsAlbNetworkPortSecurityPublicScope.rego",
	"policy_type": "aws",
	"resource_type": "aws_security_group",
	"template_args": {
		"defaultValue": "<cidr>",
		"name": "port11214UdpAlbNetworkPortSecurityPublicScope",
		"portNumber": 11214,
		"prefix": "",
		"protocol": "udp",
		"suffix": ""
	},
	"severity": "MEDIUM",
	"description": "Ensure Memcached SSL (UDP,11214) is not accessible by a public CIDR block range",
	"reference_id": "AC_AWS_0292",
	"id": "AC_AWS_0292",
	"category": "Infrastructure Security",
	"version": 2
}