{
	"name": "port22AlbNetworkPortSecurityPublicScope",
	"file": "portsAlbNetworkPortSecurityPublicScope.rego",
	"policy_type": "aws",
	"resource_type": "aws_security_group",
	"template_args": {
		"defaultValue": "<cidr>",
		"name": "port22AlbNetworkPortSecurityPublicScope",
		"portNumber": 22,
		"prefix": "",
		"protocol": "tcp",
		"suffix": ""
	},
	"severity": "LOW",
	"description": "Ensure SSH (TCP,22) is not accessible by a public CIDR block range",
	"reference_id": "AC_AWS_0319",
	"id": "AC_AWS_0319",
	"category": "Infrastructure Security",
	"version": 2
}