{
	"name": "port27018AlbNetworkPortSecurity",
	"file": "portOpenToInternet.rego",
	"policy_type": "aws",
	"resource_type": "aws_security_group",
	"template_args": {
		"defaultValue": "<cidr>",
		"name": "port27018AlbNetworkPortSecurity",
		"portNumber": 27018,
		"prefix": "",
		"protocol": "tcp",
		"suffix": ""
	},
	"severity": "HIGH",
	"description": "Security Groups - Unrestricted Specific Ports - Mongo Web Portal (TCP,27018)",
	"reference_id": "AC_AWS_0252",
	"id": "AC_AWS_0252",
	"category": "Infrastructure Security",
	"version": 2
}