{
	"name": "port3306AlbNetworkPortSecurityPublicScope",
	"file": "portsAlbNetworkPortSecurityPublicScope.rego",
	"policy_type": "aws",
	"resource_type": "aws_security_group",
	"template_args": {
		"defaultValue": "<cidr>",
		"name": "port3306AlbNetworkPortSecurityPublicScope",
		"portNumber": 3306,
		"prefix": "",
		"protocol": "tcp",
		"suffix": ""
	},
	"severity": "MEDIUM",
	"description": "Ensure MySQL (TCP,3306) is not accessible by a public CIDR block range",
	"reference_id": "AC_AWS_0295",
	"id": "AC_AWS_0295",
	"category": "Infrastructure Security",
	"version": 2
}