{
    "name": "authUsersReadAccess",
    "file": "s3AclGrants.rego",
    "policy_type": "aws",
    "resource_type": "aws_s3_bucket",
    "template_args": {
        "access": "authenticated-read",
        "name": "authUsersReadAccess",
        "prefix": ""
    },
    "severity": "HIGH",
    "description": "Misconfigured S3 buckets can leak private information to the entire internet or allow unauthorized data tampering / deletion",
    "reference_id": "AWS.S3Bucket.IAM.High.0378",
    "category": "Identity and Access Management",
    "version": 2,
    "id": "AC_AWS_0211"
}