{
    "name": "s3BucketAccessLoggingDisabled",
    "file": "s3BucketAccessLoggingDisabled.rego",
    "policy_type": "aws",
    "resource_type": "aws_s3_bucket",
    "template_args": {
        "prefix": "",
        "defaultValue": "<s3BucketResourceName>",
        "defaultValue1": "<target_bucket_name>"
    },
    "severity": "MEDIUM",
    "description": "Ensure S3 buckets have access logging enabled.",
    "reference_id": "AWS.S3Bucket.LM.MEDIUM.0078",
    "category": "Logging and Monitoring",
    "id": "AC_AWS_0497",
    "version": 1
}