{
    "name": "s3BucketSseRulesWithKmsNull",
    "file": "s3BucketSseRulesWithKmsNull.rego",
    "policy_type": "aws",
    "resource_type": "aws_s3_bucket",
    "template_args": {
        "prefix": ""
    },
    "severity": "HIGH",
    "description": "Ensure that S3 Buckets have server side encryption at rest enabled with KMS key to protect sensitive data.",
    "reference_id": "AWS.S3Bucket.EncryptionandKeyManagement.High.0405",
    "category": "Data Protection",
    "version": 2,
    "id": "AC_AWS_0207"
}