{
    "name": "s3BucketNoWebsiteIndexDoc",
    "file": "s3BucketNoWebsiteIndexDoc.rego",
    "policy_type": "aws",
    "resource_type": "aws_s3_bucket",
    "template_args": {
        "prefix": ""
    },
    "severity": "LOW",
    "description": "Ensure that there are not any static websites being hosted on buckets you aren't aware of",
    "reference_id": "AWS.S3Bucket.NetworkSecurity.High.0417",
    "category": "Infrastructure Security",
    "version": 2,
    "id": "AC_AWS_0208"
}