{
    "name": "rdsScopeIsPublic",
    "file": "rdsScopeIsPublic.rego",
    "policy_type": "aws",
    "resource_type": "aws_db_security_group",
    "template_args": {
        "prefix": ""
    },
    "severity": "HIGH",
    "description": "RDS should not be open to a public scope. Firewall and router configurations should be used to restrict connections between untrusted networks and any system components in the cloud environment.",
    "reference_id": "AWS.RDS.NetworkSecurity.High.0102",
    "category": "Infrastructure Security",
    "version": 2,
    "id": "AC_AWS_0067"
}