{
    "name": "rdsHostsHigherThan256",
    "file": "rdsHostsHigherThan256.rego",
    "policy_type": "aws",
    "resource_type": "aws_db_security_group",
    "template_args": {
        "prefix": ""
    },
    "severity": "HIGH",
    "description": "RDS should not be open to a large scope. Firewall and router configurations should be used to restrict connections between untrusted networks and any system components in the cloud environment.",
    "reference_id": "AWS.RDS.NetworkSecurity.High.0103",
    "category": "Infrastructure Security",
    "version": 2,
    "id": "AC_AWS_0065"
}