{
    "name": "kmsKeyExposedPolicy",
    "file": "kmsKeyExposedPolicy.rego",
    "policy_type": "aws",
    "resource_type": "aws_kms_key",
    "template_args": {
        "prefix": ""
    },
    "severity": "HIGH",
    "description": "Identify any publicly accessible AWS Key Management Service master keys and update their access policy in order to stop any unsigned requests made to these resources.",
    "reference_id": "AWS.KMS.NetworkSecurity.High.0566",
    "category": "Identity and Access Management",
    "version": 2,
    "id": "AC_AWS_0162"
}