{
    "name": "iamRolePolicyWithPrivildegeEscalation",
    "file": "iamRolePolicyWithPrivildegeEscalation.rego",
    "policy_type": "aws",
    "resource_type": "aws_iam_role_policy",
    "template_args": {
        "prefix": ""
    },
    "severity": "HIGH",
    "description": "Ensure IAM roles do not have any policies attached that may cause privilege escalation.",
    "reference_id": "AWS.AIRP.IAM.HIGH.0051",
    "category": "Identity and Access Management",
    "id": "AC_AWS_0473",
    "version": 1
}