{
    "name": "cloudFormationStackNotifs",
    "file": "cloudFormationNullCheck.rego",
    "policy_type": "aws",
    "resource_type": "aws_cloudformation_stack",
    "template_args": {
        "name": "cloudFormationStackNotifs",
        "property": "notification_arns"
    },
    "severity": "MEDIUM",
    "description": "Enable AWS CloudFormation Stack Notifications",
    "reference_id": "AWS.CloudFormation.Medium.0603",
    "category": "Security Best Practices",
    "version": 1,
    "id": "AC_AWS_0021"
}