{
    "name": "cloudFormationStackPolicy",
    "file": "cloudFormationNullCheck.rego",
    "policy_type": "aws",
    "resource_type": "aws_cloudformation_stack",
    "template_args": {
        "name": "cloudFormationStackPolicy",
        "property": "policy_url"
    },
    "severity": "MEDIUM",
    "description": "AWS CloudFormation Stack Policy",
    "reference_id": "AWS.CloudFormation.Medium.0604",
    "category": "Security Best Practices",
    "id": "AC_AWS_0445",
    "version": 1
}