{
    "name": "mssqlServerAuditingEnabled",
    "file": "mssqlAuditing.rego",
    "policy_type": "azure",
    "resource_type": "azurerm_mssql_server",
    "template_args": {
        "checkRetention": false,
        "name": "mssqlServerAuditingEnabled"
    },
    "severity": "MEDIUM",
    "description": "Ensure that 'Auditing' is set to 'On' for MSSQL servers",
    "reference_id": "accurics.azure.MON.355",
    "category": "Logging and Monitoring",
    "version": 1,
    "id": "AC_AZURE_0137"
}