{
    "name": "logRetensionGraterThan90Days",
    "file": "networkWatcherCheck.rego",
    "policy_type": "azure",
    "resource_type": "azurerm_network_watcher_flow_log",
    "template_args": {
        "prefix": "reme_"
    },
    "severity": "MEDIUM",
    "description": "Ensure that Network Security Group Flow Log retention period is 'greater than 90 days' for Azure Network Watcher Flow Log",
    "reference_id": "accurics.azure.NS.342",
    "category": "Resilience",
    "version": 1,
    "id": "AC_AZURE_0419"
}