{
    "name": "cloudfrontNoLogging",
    "file": "cloudfrontNoLogging.rego",
    "policy_type": "aws",
    "resource_type": "aws_cloudfront_distribution",
    "template_args": {
        "prefix": ""
    },
    "severity": "MEDIUM",
    "description": "Ensure that your AWS Cloudfront distributions have the Logging feature enabled in order to track all viewer requests for the content delivered through the Content Delivery Network (CDN).",
    "reference_id": "AWS.CloudFront.Logging.Medium.0567",
    "category": "Logging and Monitoring",
    "version": 2,
    "id": "AC_AWS_0025"
}