{
    "name": "passwordRequireMinLength",
    "file": "passwordMinLength.rego",
    "policy_type": "aws",
    "resource_type": "aws_iam_account_password_policy",
    "template_args": {
        "name": "passwordRequireMinLength",
        "parameter": "minimum_password_length",
        "prefix": "",
        "value": 7
    },
    "severity": "MEDIUM",
    "description": "Setting a lengthy password increases account resiliency against brute force login attempts",
    "reference_id": "AWS.Iam.IAM.Medium.0495",
    "category": "Compliance Validation",
    "version": 2,
    "id": "AC_AWS_0141"
}