{
    "name": "passwordRotateEvery90Days",
    "file": "passwordRotateEvery90Days.rego",
    "policy_type": "aws",
    "resource_type": "aws_iam_account_password_policy",
    "template_args": {
        "name": "passwordRotateEvery90Days",
        "prefix": ""
    },
    "severity": "LOW",
    "description": "Reducing the password lifetime increases account resiliency against brute force login attempts",
    "reference_id": "AWS.Iam.IAM.Low.0540",
    "category": "Compliance Validation",
    "version": 2,
    "id": "AC_AWS_0138"
}