{
    "name": "passwordRequireSymbol",
    "file": "passwordPolicyRequirement.rego",
    "policy_type": "aws",
    "resource_type": "aws_iam_account_password_policy",
    "template_args": {
        "name": "passwordRequireSymbol",
        "prefix": "",
        "required_parameter": "require_symbols"
    },
    "severity": "MEDIUM",
    "description": "Special symbols not present in the Password, Password Complexity is not high. Increased Password complexity increases resiliency against brute force attack",
    "reference_id": "AWS.Iam.IAM.Medium.0456",
    "category": "Compliance Validation",
    "version": 2,
    "id": "AC_AWS_0137"
}