{
    "name": "passwordRequireUpperCase",
    "file": "passwordPolicyRequirement.rego",
    "policy_type": "aws",
    "resource_type": "aws_iam_account_password_policy",
    "template_args": {
        "name": "passwordRequireUpperCase",
        "prefix": "",
        "required_parameter": "require_uppercase_characters"
    },
    "severity": "MEDIUM",
    "description": "Upper case alphabet not present in the Password, Password Complexity is not high. Increased Password complexity increases resiliency against brute force attack",
    "reference_id": "AWS.Iam.IAM.Medium.0457",
    "category": "Compliance Validation",
    "version": 2,
    "id": "AC_AWS_0135"
}