{
    "name": "noPasswordPolicyEnabled",
    "file": "noPasswordPolicyEnabled.rego",
    "policy_type": "aws",
    "resource_type": "aws_iam_user_login_profile",
    "template_args": {
        "prefix": ""
    },
    "severity": "HIGH",
    "description": "Password policies are, in part, used to enforce password complexity requirements. IAM password policies can be used to ensure password are comprised of different character sets, have minimal length, rotation and history restrictions",
    "reference_id": "AWS.Iam.IAM.High.0391",
    "category": "Compliance Validation",
    "version": 2,
    "id": "AC_AWS_0148"
}