{
    "name": "efsEncryptedFalse",
    "file": "efsEncryptedFalse.rego",
    "policy_type": "aws",
    "resource_type": "aws_efs_file_system",
    "template_args": {
        "name": "efsEncryptedFalse",
        "prefix": ""
    },
    "severity": "HIGH",
    "description": "Enable encryption of your EFS file systems in order to protect your data and metadata from breaches or unauthorized access and fulfill compliance requirements for data-at-rest encryption within your organization.",
    "reference_id": "AWS.EFS.EncryptionandKeyManagement.High.0409",
    "category": "Data Protection",
    "version": 2,
    "id": "AC_AWS_0097"
}